{"cameraMode":{"drawMode":0,"name":"Shaded","section":"Shading Mode"},"sceneLighting":false,"audioPlay":false,"sceneViewState":{"m_AlwaysRefresh":false,"showFog":true,"showSkybox":true,"showFlares":true,"showImageEffects":true,"showParticleSystems":true,"showVisualEffectGraphs":true,"m_FxEnabled":true},"in2DMode":false,"pivot":{"x":2.3884332180023195,"y":0.17938748002052308,"z":5.680129051208496},"rotation":{"x":0.07805542647838593,"y":0.3969961404800415,"z":-0.033902496099472049,"w":0.9139018058776856},"size":5.843317031860352,"orthographic":false}