{"cameraMode":{"drawMode":0,"name":"Shaded","section":"Shading Mode"},"sceneLighting":false,"audioPlay":false,"sceneViewState":{"m_AlwaysRefresh":false,"showFog":true,"showSkybox":true,"showFlares":true,"showImageEffects":true,"showParticleSystems":true,"showVisualEffectGraphs":true,"m_FxEnabled":true},"in2DMode":false,"pivot":{"x":231.91307067871095,"y":147.41909790039063,"z":3.244725465774536},"rotation":{"x":-0.028207575902342798,"y":-0.005102320108562708,"z":0.00011364835518179461,"w":-0.9996507167816162},"size":403.6391296386719,"orthographic":true}