{"cameraMode":{"drawMode":0,"name":"Shaded","section":"Shading Mode"},"sceneLighting":false,"audioPlay":false,"sceneViewState":{"m_AlwaysRefresh":false,"showFog":true,"showSkybox":true,"showFlares":true,"showImageEffects":true,"showParticleSystems":true,"showVisualEffectGraphs":true,"m_FxEnabled":true},"in2DMode":false,"pivot":{"x":1.4391484260559083,"y":1.4108495712280274,"z":-0.527338981628418},"rotation":{"x":-0.00008486586011713371,"y":0.9997930526733398,"z":0.00779099902138114,"w":0.024902576580643655},"size":2.577782392501831,"orthographic":false}